NAZEV,SITECODE,MAX_DIST
Chuchelské háje,CZ0110040,1773.3353148708463
Havránka a Salabka,CZ0110049,852.0848796351594
Prokopské údolí,CZ0110050,4503.263333856895
Blatov a Xaverovský háj,CZ0110142,3509.348965862612
Kaňon Vltavy u Sedlce,CZ0110154,4123.757464910692
Obora Hvězda,CZ0113001,371.69692670542236
Milíčovský les,CZ0113002,606.7575101057158
Lochkovský profil,CZ0113005,1097.7177475673168
Praha - Petřín,CZ0113773,1286.7530128900125
Praha - Letňany,CZ0113774,1284.457966829379
Radotínské údolí,CZ0114001,1883.8555028187982
Na pramenech,CZ0210003,642.9987497524634
Zámecký park Liblice,CZ0210008,811.8015887564093
Housina,CZ0210010,3886.1063808098625
Lounín,CZ0210011,597.2321733168027
Kozí hůra,CZ0210022,3521.5820705457627
Pustá seč,CZ0210023,738.5013032220644
Voděradské bučiny,CZ0210027,2591.493139312042
Posázavské bučiny,CZ0210028,4445.751767766212
Zadní Hrádek,CZ0210029,1212.383419267163
Všetatská černava,CZ0210034,1362.3399296241068
Hradec a Kuchyňka,CZ0210043,7846.59378514514
Na horách u Křešína,CZ0210044,471.341137421507
Třemšín a Hřebence,CZ0210047,3636.659488435938
Střední Povltaví u Drbákova,CZ0210053,5083.05588129999
Tok,CZ0210054,2741.2113140523356
Trokavecké louky,CZ0210056,515.5623345379149
Louky u Budenína,CZ0210058,1042.5361193239544
Teslíny,CZ0210062,2415.259894448365
Písečný přesyp u Píst,CZ0210064,374.22902808322675
Žerka,CZ0210066,1174.6613996025958
Bílichovské údolí,CZ0210100,3861.2927722711183
Dymokursko,CZ0210101,21501.26485920521
Kalivodské bučiny,CZ0210105,2892.689196471215
Krnčí a Voleška,CZ0210107,2297.70639943155
Chlum u Nepřevázky,CZ0210109,3158.824532229762
Paterovské stráně,CZ0210111,2048.5632121057274
Louky u rybníka Proudnice,CZ0210113,1272.998406800832
Radouč,CZ0210114,797.1226668247147
V jezírkách,CZ0210118,403.3979934628054
Čtvrtě,CZ0210150,1816.4739089572997
Polabí u Kostelce,CZ0210152,6452.567217514839
Zvolská homole,CZ0210153,1259.4040156220628
Hrabanovská černava,CZ0210172,1223.9883741069784
Slaná louka u Újezdce,CZ0210173,266.99384227353573
Žlunice - Skochovice,CZ0210175,8964.316653839136
Úpor - Černínovsko,CZ0210186,8593.695286008724
Kulivá hora,CZ0210409,1277.9584940285642
Mramor,CZ0210421,1824.4057063504463
Čertova skála,CZ0210704,347.10600229756795
Stříbrný luh,CZ0210708,2027.3827047427385
Polabské hůry,CZ0210713,3287.2183471638814
Lžovické tůně,CZ0210714,2042.3101775024184
Milčice,CZ0210719,423.5495313970813
Loučeňské rybníčky,CZ0210720,664.4165247544482
Pěnovce u rybníka Lutovník,CZ0210721,175.15626902205207
Vápnomilný bor u Líského,CZ0210726,383.67595316339975
Větrušické rokle,CZ0210729,2145.7571232003916
Písčina u Byšiček,CZ0210730,270.47908846367596
Řísnice,CZ0210731,525.0500533192853
Kaliště,CZ0210732,578.0539123598194
Pahorek u Ledčic,CZ0210733,202.68536913988103
Stráně u Kochánek,CZ0210734,595.7954960718905
Březinský rybník,CZ0212001,289.2068241642738
Malíkovická stráň,CZ0212004,941.2606837352615
Drhleny,CZ0212006,1454.6532601256881
Hadce u Hrnčíř,CZ0212008,297.1233558752585
Hvožďanské Háje,CZ0212010,277.77568385368846
Smradovna,CZ0212019,2529.179396365711
Rečkov,CZ0212020,1664.7615238653973
Slatinná louka u Velenky,CZ0212021,707.5389639488649
Slepeč,CZ0212022,409.6198512837328
Písčina u Tišic,CZ0212023,578.9698978659852
Červené dolíky,CZ0212024,733.6104144477206
Ostrov u Jedomělic,CZ0212025,770.8072586279357
Nový rybník u Kačiny,CZ0213001,683.6594571888392
Rybník Starý u Líchov,CZ0213004,270.5945655101831
Šáchovec,CZ0213005,335.0751920887901
Valcha,CZ0213006,517.6537043838382
Bezděkovský lom,CZ0213008,177.61120509546137
Vlašimská Blanice,CZ0213009,20291.02304272218
Březnice - Oblouček,CZ0213013,603.452616980342
Dobříšský park,CZ0213015,1058.8319341675228
Zákolanský potok,CZ0213016,8918.517524894483
Dražská Koupě,CZ0213017,523.6923358893191
Hrdlička - Žďánská hora,CZ0213023,1862.9899241766516
Kalivody,CZ0213028,1473.224810066723
Kalspot,CZ0213029,301.16863516650216
Kyšice - Kobyla,CZ0213038,1211.4704912862921
Labe - Liběchov,CZ0213039,7079.625849946936
Losinský potok,CZ0213042,1914.097347527306
Třeštibok,CZ0213043,1023.7351993257038
Minartice,CZ0213047,239.7639859369069
Mydlovarský luh,CZ0213048,1957.6667625882892
Ohrazenický potok,CZ0213050,3401.288345424129
Oškobrh,CZ0213051,1590.7200706562521
Lom na Plachtě,CZ0213058,151.5949104532532
Třebichovická olšinka,CZ0213059,99.07485286626692
Týnecké mokřiny,CZ0213061,2027.1404568762084
Rakovník - za koupalištěm,CZ0213063,783.932586520448
Rožmitál pod Třemšínem,CZ0213064,1633.4761811607534
Na Babě,CZ0213065,1358.6344511263935
Rybník Vočert a Lazy,CZ0213066,852.6307466580358
Sázava,CZ0213067,12307.299285085663
Dolní Sázava,CZ0213068,41179.149043521145
Sedlečský potok,CZ0213069,5015.692258908904
Slánsko - Byseňský potok,CZ0213070,3501.776565201995
Slavkov,CZ0213071,453.9813762755829
Smečno,CZ0213072,1831.3899230239947
Štěpánovský potok,CZ0213076,3588.7174185539584
Suchdolský rybník,CZ0213077,588.5944265033716
Trhovky,CZ0213078,753.661853892171
Vápenické jezero,CZ0213081,461.6963591939607
Velký Raputovský rybník,CZ0213082,1036.6693961366173
Veltrusy,CZ0213083,3119.068072773395
Vlčkovice - Dubský rybník,CZ0213084,373.18980834416374
Aglaia,CZ0213086,4595.621469776901
Skočová - pískovna,CZ0213512,323.92870437347983
Bělá pod Bezdězem - zámek,CZ0213600,198.83550729278176
Jungmannova škola v Berouně,CZ0213601,107.64017327396434
Dobříšský zámek,CZ0213602,136.65765102577404
Křivoklát - hrad,CZ0213610,181.88270859355322
Ledce - hájovna,CZ0213611,27.252217353054363
Loučeň - hotel Jivák,CZ0213612,26.91267139449815
Malešov,CZ0213613,22.62500060978378
Štola Jarnice,CZ0213615,22.65200458224978
Štola Mořic,CZ0213620,305.2159497395468
Štoly Velké Ameriky,CZ0213621,1384.0141204298598
Suchomasty - zámeček,CZ0213626,31.099236538510468
Točník - hrad,CZ0213628,103.77530109119347
Týnecká rotunda,CZ0213629,10.006754253644987
Vysoký Újezd - kostel,CZ0213630,38.09076439227534
Svatá Dobrotivá,CZ0213631,92.99008955874312
Bezděčín,CZ0213776,1492.6265241596018
Bohostice,CZ0213777,575.2259330128555
Břežanské údolí,CZ0213779,3896.168281401665
Felbabka,CZ0213783,593.0090494881607
Horní a Dolní obděnický rybník,CZ0213784,1343.5123475645987
Horní solopyský rybník,CZ0213785,650.8525608687826
Hrachoviště,CZ0213787,1131.6560881948612
Jablonná - mokřad,CZ0213789,548.114453389839
Javůrek,CZ0213790,858.3882861350336
Jezera,CZ0213791,372.89721942126596
Kačina,CZ0213792,2053.2027134633645
Kerské rybníčky,CZ0213794,442.18143422412146
Kolín - letiště,CZ0213796,1145.571485865791
V hladomoří,CZ0213802,3106.1413401522723
Ledný potok,CZ0213814,2712.333472224851
Obecnický potok,CZ0213817,2347.33829435412
Octárna,CZ0213818,3770.2259493052775
V Hlinišťatech,CZ0213822,177.20705384781778
Karlické údolí,CZ0214002,4955.522381310921
Zlatý kůň,CZ0214003,3031.2975379216396
Černý Orel,CZ0214004,3613.3843678799576
Andělské schody,CZ0214005,3534.857310234936
Milovice - Mladá,CZ0214006,7674.868448919837
Káraný - Hrbáčkovy tůně,CZ0214007,5565.701075652667
Lánská obora,CZ0214008,9181.203347656316
Libické luhy,CZ0214009,9075.53905899748
Dománovický les,CZ0214010,3949.0066884738912
Týřov - Oupořský potok,CZ0214011,9335.063388735432
Příhrazské skály,CZ0214012,5375.953918299399
Kokořínsko,CZ0214013,23178.358567836072
Podlesí,CZ0214014,819.2862201253415
Vůznice,CZ0214015,4177.403555708709
Želivka,CZ0214016,20719.087792117567
Karlštejn - Koda,CZ0214017,9634.495313815392
Údolí Plakánek,CZ0214025,2207.38108902052
Kotýz,CZ0214037,1254.2549566261127
Stroupínský potok,CZ0214039,7319.721365880809
Louky u Drahlína,CZ0214040,1431.3056939924265
Niva Kotelského potoka,CZ0214041,7610.123892448715
Padrťsko,CZ0214042,8362.497869813013
Niva Bělé u Klokočky,CZ0214043,940.9158119085693
Kersko,CZ0214044,3183.432614254498
Prameny Klíčavy,CZ0214045,2172.6764852614074
Rybník Vidlák,CZ0214046,476.88934103062655
Brda,CZ0214047,1324.3923409113952
Písčina u Tuháně,CZ0214049,167.52541935132038
Žehuňsko,CZ0214050,7302.453285738621
Fabián - Homolka,CZ0310001,2544.3235778012495
Rybník Růže,CZ0310008,229.2738110041194
Velký Hodonický rybník,CZ0310009,254.2764830842499
Klokočínské louky,CZ0310010,998.4382376803867
Libín,CZ0310014,2667.9074408570227
Pláničský rybník-Bobovec,CZ0310017,4550.490287935392
Zelendárky,CZ0310019,3217.4310292415494
Velký a Malý Kamýk,CZ0310020,3186.2251940131873
Výří skály nad Otavou,CZ0310022,552.6653813153595
Čertova stěna-Luč,CZ0310032,1881.0292796173376
Údolí Lužnice a Vlásenického potoka,CZ0310033,4287.207559831285
Vltava Rožmberk-Větřní,CZ0310035,13556.168793580833
Pohoří na Šumavě,CZ0310057,4274.1279771434065
Pastvina u Přešťovic,CZ0310063,177.29439604641638
Ryšovy,CZ0310067,866.8943277340564
Hadí vrch,CZ0310070,615.734691539686
Králek,CZ0310073,487.1085877698356
Osika,CZ0310074,1516.093866069416
Dvořiště,CZ0310080,1049.2331867944067
Nerestský lom,CZ0310084,304.2335280141515
Žofínský prales - Pivonické skály,CZ0310163,3692.5820975592173
Žofinka,CZ0310605,3792.1627429845335
Červené blato,CZ0310610,3461.563189256728
Široké blato,CZ0310611,2029.8220273695881
Písečný přesyp u Vlkova,CZ0310615,159.13408172076726
Rybník Motovidlo,CZ0310618,548.7032981094397
Blana,CZ0310629,903.9228792608897
Ďáblík,CZ0310630,330.060062825735
Čistá hora,CZ0312030,144.50525750268426
Háje,CZ0312032,504.66786352066845
Hroby,CZ0312033,114.19149895975319
Jaroškov,CZ0312034,276.78993433822257
Kladrubská hora,CZ0312035,1551.045233987209
Kozlovská stráň,CZ0312036,319.535943894884
Lomnický velký rybník,CZ0312038,1020.0450866685785
Malý Horusický rybník,CZ0312040,401.45385585920826
Polná,CZ0312045,163.36438830100852
Štičí rybník,CZ0312048,281.7147598975295
Úbislav,CZ0312050,93.55227398263621
Svatý Kříž,CZ0312226,597.4662271190665
Terčino údolí,CZ0313004,480.8929865059202
Bedřichovský potok,CZ0313092,3875.4675763554574
Blatná,CZ0313094,1048.0462040530908
Čábuze,CZ0313096,1557.3994493451091
Cepská pískovna a okolí,CZ0313097,1822.2904946030544
Hliníř - Ponědrážka,CZ0313098,1971.8124216697584
Hlubocké hráze,CZ0313099,3462.8732846667353
Krvavý a Kačležský rybník,CZ0313101,4845.963186322409
Lom Skalka u Sepekova,CZ0313103,1164.8707170815424
Lužnice a Nežárka,CZ0313106,41543.653527047645
Moravská Dyje,CZ0313110,14796.533405193408
Sokolí hnízdo a bažantnice,CZ0313113,2000.8701224548286
Onšovice - Mlýny,CZ0313114,1505.8905152134234
Boukal,CZ0313115,744.6827929793083
Radomilická mokřina,CZ0313116,1274.6084377359457
Rašeliniště Radlice,CZ0313119,452.87770158610704
Štěkeň,CZ0313122,860.3018635555882
Stropnice,CZ0313123,11354.854711418611
Tábor - Zahrádka,CZ0313125,743.0541625323013
Nadějská soustava,CZ0313128,6530.009991696686
Purkrabský rybník a Točník,CZ0313129,1725.8220412002324
Třeboň,CZ0313131,3665.059200836797
Újezdec,CZ0313134,1639.4383282679285
Veveřský potok,CZ0313137,4792.9374973668255
Vrbenské rybníky,CZ0313138,3226.9531971322644
Závišínský potok,CZ0313140,8785.26396091966
Žofina Huť,CZ0313141,1356.5859464359953
Rašeliniště Kapličky,CZ0313513,1751.7085623117762
Kratochvíle - zámek,CZ0313635,42.692244216771115
Blanice,CZ0313805,3696.9425804305956
Malý Bukač,CZ0313815,387.9011451734735
Prachatice - kostel,CZ0313820,43.04050789862548
Koštěnický potok,CZ0313822,3638.154592349923
Slavonické rybníky,CZ0313824,2090.095516609037
Velký a Malý Tisý,CZ0314019,4560.83385534561
Borkovická blata,CZ0314021,6262.8768115618
Horní Malše,CZ0314022,18540.938605201933
Třeboňsko - střed,CZ0314023,34643.338458098515
Šumava,CZ0314024,111658.10223961632
Opolenec,CZ0314044,1351.2795857833812
Ruda,CZ0314109,1537.4787655372975
Boletice,CZ0314123,22992.815602735966
Blanský les,CZ0314124,24006.794952949098
Hlubocké obory,CZ0314126,10143.363446891071
Chýnovská jeskyně,CZ0314634,270.40614574285013
Mnišský rybník,CZ0314635,888.7865864449833
Tejmlov - Nad Zavírkou,CZ0314636,1405.6673024848017
Rašeliniště u Suchdola,CZ0314637,522.6351544483834
Vosecký rybník,CZ0314638,429.05191348885074
Rybníky u Lovětína,CZ0314639,1798.5688011983384
Rybník Walden,CZ0314640,1068.0017652751499
Zlatý potok v Pošumaví,CZ0314641,8603.700599939824
Pastvina u Zahorčic,CZ0314642,243.94172623803883
Kocelovické pastviny,CZ0314648,268.0245860933032
Dolejší rybník,CZ0315002,813.3219395171179
Řežabinec,CZ0315005,295.3092278604408
V Úličkách,CZ0320005,2465.6557287037413
Prameniště Přešínského potoka,CZ0320013,1089.3427526157823
Švihovské hvozdy,CZ0320022,8991.292253815694
Čepičná,CZ0320023,2462.255724461617
Chlumská stráň,CZ0320029,3451.555144892329
Haltravský hřeben,CZ0320030,8103.900677279597
Na požárech,CZ0320037,2114.806521590438
Pavlova Huť,CZ0320043,1410.6853885232013
Kohoutov,CZ0320053,5209.673735952274
Chejlava,CZ0320140,3934.7756552714072
Čerchovský les,CZ0320180,10428.18610756459
Svaté Pole,CZ0320437,360.38222078269854
Drahotínský les,CZ0322055,753.9854011589313
Maňovický rybník,CZ0322057,515.7040788575766
Pastviště u Fínů,CZ0322058,934.280996753927
Pohorsko,CZ0322059,103.37561728327572
Vlkonice,CZ0322060,186.8114882769748
Berounka,CZ0323142,12926.394608690607
Blovice,CZ0323143,408.39307509920155
Bonětice,CZ0323144,94.07042918890765
Bradava,CZ0323145,15132.770537669378
Darmyšl - pískovna,CZ0323147,111.46140493783736
Kakejcov,CZ0323149,223.8015591745786
Kamenec,CZ0323150,477.31064485431966
Kateřinský a Nivní potok,CZ0323151,16510.687567316934
Lopata,CZ0323155,758.5927728215315
Mešenský potok,CZ0323156,2378.995691059916
Osek - rybník Labutinka,CZ0323158,586.0383727348618
Plzeň - Zábělá,CZ0323159,2543.3523258412256
Pocinovice,CZ0323160,138.41313436659055
Přešínský potok,CZ0323161,2550.2127759995906
Přeštice - V Hlinkách,CZ0323162,587.9366006045674
Průhonský rybník,CZ0323163,250.9983575192108
Rabí,CZ0323164,357.15380910066307
Radbuza,CZ0323165,11040.490554841874
Radbuza - Nový Dvůr - Pila,CZ0323166,4582.302484273886
Rokycany - vojenské cvičiště,CZ0323167,1721.2757179010314
Stříbro - vojenské cvičiště,CZ0323169,1492.8182975532661
Zlatý potok,CZ0323170,4049.9407811512438
Třebýcinka u Bezděkova,CZ0323478,140.9736265638512
Dolany - kostel,CZ0323636,36.16293382965677
Štola Rohatiny I,CZ0323637,22.619129735663737
Jeskyně Inků,CZ0323638,22.625000679400117
Liblín - lihovar,CZ0323639,19.545000566169882
Manětín - kostel,CZ0323640,37.67894226842035
Předslav - kostel,CZ0323641,34.08453328813593
Radnice - kostel,CZ0323642,35.244836915367166
Štola Loreta,CZ0323644,22.597621592892782
Štola Věra,CZ0323645,22.625000670668967
Stříbro - štoly Dlouhý tah,CZ0323646,22.597621561579658
Všeruby - kostel,CZ0323647,39.45618584655759
Žihobce - zámek,CZ0323648,82.75448906642784
Klabava,CZ0323812,2221.3915638215585
Ostružná,CZ0323824,13160.230324952852
Hadovka,CZ0323825,11060.517170779905
Dobřany,CZ0323826,1044.7526947118881
Kaňon Střely,CZ0324025,6745.150750699877
Niva Nemanického potoka,CZ0324026,7218.161061412384
Těchonická draha,CZ0324029,536.8501030173614
V Morávkách,CZ0324032,294.5703089054746
Hrádecká bahna,CZ0325001,366.03047278129173
Hůrky,CZ0325002,470.92040231070024
Netřeb,CZ0325003,778.1378402431953
Tisovec,CZ0410001,913.9422749304614
Jezerský vrch,CZ0410018,1275.118597675113
Ramena Ohře,CZ0410020,13250.815225563912
Nadlesí,CZ0410021,3171.8220692380273
Blažejský rybník,CZ0410023,1502.3475684891803
Mechové údolí,CZ0410038,1251.4007699068611
Pernink,CZ0410040,1643.9569464297012
Šibeniční vrch,CZ0410046,582.1467972813259
Štítarský rybník,CZ0410047,327.5869953287348
Soos,CZ0410150,4363.211127389356
Vladař,CZ0410151,2389.8913237402135
Rudné,CZ0410155,3916.7249367632576
Vysoká Pec,CZ0410168,3283.060484336706
Vysoký kámen,CZ0410176,330.9430529099478
Krásenské rašeliniště,CZ0410401,2231.1404013754996
Bečovské lesní rybníky,CZ0410404,2209.7990644171623
Kaňon Ohře,CZ0410413,5608.948218480391
Kladské rašeliny,CZ0410414,7703.687522313279
Močál u Bystřiny,CZ0410438,112.06137358167672
Lítovský mokřad,CZ0410439,252.76721279124465
Medvědí rozhledy,CZ0412065,185.5009685758717
Pramenské pastviny,CZ0412069,89.79414203813171
Raušenbašská lada,CZ0412070,4597.157436771952
Skalka pod Tisovým vrchem,CZ0412071,158.54859444394032
Prachomety,CZ0413007,1027.5753704570143
Prameny Teplé,CZ0413008,4757.128824013296
Rankovický triangl,CZ0413009,761.6643124833786
Mokřady u Těšetic,CZ0413013,920.1879355374248
Hřivínovské pastviny,CZ0413014,734.7267176983803
Louky u Dlouhé Lomnice,CZ0413015,1081.1102043398
U Jedlové,CZ0413017,1738.5899543274365
U hájenky,CZ0413018,391.28644432890115
Za Údrčí,CZ0413173,1429.7088979871992
Borecké rybníky,CZ0413174,304.1503461601556
Bystřina - Lužní potok,CZ0413177,9025.916224845463
Podhorní louky,CZ0413179,1792.945435063038
Horní Kramolín - Ovesné,CZ0413180,1118.107757345731
Mokřady u Javorné,CZ0413181,2175.5183077631727
U bunkru,CZ0413182,1747.8740908771188
Pískovna Erika,CZ0413184,951.6634986190104
Matyáš,CZ0413185,1727.0627988582949
Mezi rybníky,CZ0413187,640.5887243778113
Olšová vrata,CZ0413188,1409.706167371677
Ostrovské rybníky,CZ0413190,1827.5260426490056
Na Pilské šachtě,CZ0413191,1057.4752684286373
U sedmi rybníků,CZ0413193,641.2835981819636
Střela,CZ0413194,11317.283789986688
Teplá s přítoky a Otročínský potok,CZ0413195,11779.292111377366
Týniště,CZ0413196,412.34675773919236
Úpolínová louka - Křížky,CZ0414026,4264.690209824069
Lomnický rybník,CZ0414027,2767.27897795556
Krušnohorské plató,CZ0414110,29431.359781929037
Hradiště,CZ0414127,25185.24028173386
Vrbka,CZ0420004,1457.3732582079988
Holý vrch,CZ0420007,1267.171472783779
Na Černčí,CZ0420008,479.27697813019927
Želinský meandr,CZ0420012,4288.834315092845
V hlubokém,CZ0420013,1106.9300878014337
Hora Říp,CZ0420014,1666.1926953652926
Myslivna,CZ0420015,1886.1157914522757
Kokrháč - Hasištejn,CZ0420021,2122.912100785252
Bořeň,CZ0420026,1181.8630979668703
Na loučkách,CZ0420035,7716.420872390723
Skalky u Třebutiček,CZ0420041,1042.763103505835
Evaňská rokle,CZ0420044,1351.7582670425268
Rašeliniště U jezera - Cínovecké rašeliniště,CZ0420053,2233.1106367753982
Stráně u Velkého Újezdu,CZ0420059,2270.548961864407
Stráně nad Chomutovkou,CZ0420061,1496.8681125881365
Stroupeč,CZ0420063,1700.790005448138
Dětanský chlum,CZ0420069,1152.653904886424
Údolí Podbradeckého potoka,CZ0420073,4801.3941852628905
Grünwaldské vřesoviště,CZ0420074,3626.535164481617
Na dlouhé stráni,CZ0420076,921.3083863834106
Studenec,CZ0420082,5477.965151392035
Spravedlnost-Chřibská,CZ0420083,1421.6177132893135
Mokřad pod Terezínskou pevností,CZ0420085,337.532590822242
Novodomské a polské rašeliniště,CZ0420144,13756.637345398827
Podmilesy,CZ0420160,4281.6122595194265
Velký vrch - Černodoly,CZ0420165,2107.2135454773406
Velký rybník,CZ0420166,1615.9775299931337
Údolí Hačky,CZ0420171,2810.2261037126564
"Křížové vršky, Malý vrch, Šibeník",CZ0420406,1051.531485386979
Milešovka,CZ0420416,3544.5467034805242
Sedlo,CZ0420449,1548.2928535746605
"Bohyňská lada, Chmelník, Lotarův vrch",CZ0420451,3127.576526013971
Lipská hora,CZ0420454,1073.0864996230137
Lhota,CZ0420455,1493.0328790942613
Ostrý,CZ0420456,1396.6183324470267
Košťálov,CZ0420459,3309.25389402534
Třtěnské stráně,CZ0420460,902.2079997038576
Plešivec,CZ0420462,402.36405880182235
Libouchecké bučiny,CZ0420500,5125.94424663026
Olšový potok,CZ0420501,4329.10005930407
Údolí Chřibské Kamenice,CZ0420507,3355.253385552945
Lužickohorské bučiny,CZ0420520,5977.555434110897
Slanisko u Škrle,CZ0420525,583.8401358814696
Klínovecké Krušnohoří,CZ0420528,13648.275182690191
Borečský vrch,CZ0422075,757.0383613614501
Kleneč,CZ0422077,440.05046154496387
Královomlýnský rybník,CZ0422079,164.4286304636938
Na spáleništi,CZ0422081,332.18531184750645
Písčiny u Oleška,CZ0422084,1222.8949182567394
Soběchlebské terasy,CZ0422085,261.1340705900339
V kuksu,CZ0422087,1192.378601748924
Huníkovský potok,CZ0423001,2259.8852241702393
Nebeský rybníček u Veselí,CZ0423006,159.02827149580918
Bezejmenný přítok Trojhorského potoka,CZ0423198,1501.0814375919808
Blšanský chlum,CZ0423201,976.9256052928084
Březina,CZ0423202,1574.3589506110213
Černovice,CZ0423203,588.0543565552613
Dobrná,CZ0423206,444.7834027739173
Doubravka,CZ0423210,948.1531216357874
Háj u Oseka,CZ0423211,668.3134666861265
Hořenec - Číčov,CZ0423212,734.1997900534017
Chomutov - zoopark,CZ0423213,1621.5209535792137
Kateřina - mokřad,CZ0423215,767.0999993099123
Kopistská výsypka,CZ0423216,3141.6091911220615
Krásný Dvůr,CZ0423217,2299.842191287875
Luční potok - Třebušín,CZ0423219,1369.7670191643715
Petrohrad,CZ0423223,1176.8092663247521
Ploskovice,CZ0423224,429.49524015918666
Radobýl,CZ0423225,913.5991206978196
Sinutec - Dlouhý kopec,CZ0423227,955.3099759567466
Strádovský rybník,CZ0423228,349.6752878020949
Údlické Doubí,CZ0423229,913.3383033083542
Vrch Hazmburk,CZ0423232,795.4045592940406
Vrch Milá,CZ0423233,427.0041188125831
Všechlapy - Kamýk,CZ0423236,491.17936596498987
Horní Kamenice,CZ0423507,17891.498714756042
Ohře,CZ0423510,49975.27869570766
Držovice - rodinný dům,CZ0423651,34.585266869253054
Chřibská - kostel,CZ0423652,43.85771631484695
Jílové u Děčína - škola,CZ0423653,45.24431512160492
Lobendava - kostel,CZ0423654,43.27508089242947
Úštěk - kostel,CZ0423656,46.77487360032149
Světlík,CZ0423659,1231.8956054682542
Pražská pole,CZ0423660,1884.824016989193
Bezručovo údolí,CZ0424030,10601.01317426544
České Švýcarsko,CZ0424031,16985.792986605
Raná - Hrádek,CZ0424033,2144.144720854985
Babinské louky,CZ0424034,1451.8242189599282
Běšický chochol,CZ0424036,1689.7132020018375
Lovoš,CZ0424037,2567.769188808346
Holý vrch u Hlinné,CZ0424038,1950.84146882876
Oblík - Srdov - Brník,CZ0424039,3380.145365849078
Labské údolí,CZ0424111,9343.071176755002
Doupovské hory,CZ0424125,42296.471141251415
Východní Krušnohoří,CZ0424127,54473.370718926795
Bílé stráně u Litoměřic,CZ0424129,5129.549040330372
Stráně nad Suchým potokem,CZ0424133,361.12310214079184
Sovice u Brzánek,CZ0424134,275.09623333539855
Bílé stráně u Štětí,CZ0424135,1812.7443395497573
Stráně u Drahobuzi,CZ0424136,1259.2601649141102
Pístecký les,CZ0424138,2856.4671086634635
Dobříňský háj,CZ0424139,987.4972289558151
Loužek,CZ0424140,621.6560584703388
Porta Bohemica,CZ0424141,34959.02655956514
Ralsko,CZ0510028,1762.417177309595
Kozlov - Tábor,CZ0510164,3521.039657978422
Průlom Jizery u Rakous,CZ0510191,7565.933910956925
Jizerskohorské bučiny,CZ0510400,14749.062826248077
Rašeliniště Jizerky,CZ0510402,4263.061791983393
Quarré,CZ0510403,291.245145538426
Bukovec,CZ0510405,2502.891339558325
Smědava,CZ0510408,1579.0707778300166
Jizerské smrčiny,CZ0510412,4671.083018557819
Rašeliniště Jizery,CZ0510415,8439.378004440434
Binov - Bobří soutěska,CZ0510441,3596.8661786356424
Klíč,CZ0510508,3943.693788904761
Jezevčí vrch,CZ0510509,1543.0354301579619
Roverské skály,CZ0512100,7194.75652656772
Česká Lípa - mokřad v nivě Šporky,CZ0513237,694.8172537917063
Cihelenské rybníky,CZ0513238,886.7575042890259
Janovické rybníky,CZ0513240,962.6668816497488
Manušické rybníky,CZ0513244,800.2595548341701
Prácheň - Zicht,CZ0513249,243.66876387041535
Rokytka,CZ0513251,1927.392155146628
Luční potok,CZ0513254,3001.50747112562
Slatinné vrchy,CZ0513255,2094.172404407744
Smědá,CZ0513256,11845.427866928361
Stružnické rybníky,CZ0513257,757.7458196829698
Dolní Ploučnice,CZ0513505,23769.343877810927
Horní Ploučnice,CZ0513506,27672.566456060384
Zahrádky,CZ0513508,1382.4130163834611
Svitavka,CZ0513509,11149.541719310693
Bílá Desná - kanál protržené přehrady,CZ0513657,1144.0489704437086
Český Dub - základní umělecká škola,CZ0513658,38.4757032097888
Doksy - zámek,CZ0513659,100.28878398262303
Lemberk - zámek,CZ0513662,72.39641470626046
Podhájí - chalupa,CZ0513663,25.5517251174564
Skalice u České Lípy,CZ0513665,7.834296590137145
Jeskyně Sklepy pod Troskami,CZ0513666,22.619129627631885
Zdislava - kostel,CZ0513668,38.304190303235394
Suchý vrch - Naděje,CZ0514041,2544.5591466459737
Jestřebsko - Dokesko,CZ0514042,17721.144341783725
Podtrosecká údolí,CZ0514113,9601.391924321872
Velký a Malý Bezděz,CZ0514243,1236.152630472003
Západní jeskyně,CZ0514667,22.62500053807193
Vápenice - Basa,CZ0514668,1998.630814888013
Poselský a Mariánský rybník,CZ0514669,1692.0496302118127
Ronov - Vlhošť,CZ0514670,5586.064312113375
Údolí Jizery a Kamenice,CZ0514672,11972.138451885843
Červený rybník,CZ0515001,318.93296128550685
Kamenná,CZ0520008,553.9477831637874
Perna,CZ0520009,2058.6118066717945
Hrádeček,CZ0520020,2008.3551620991705
Miletínská bažantnice,CZ0520022,1926.8535248198184
Babiččino údolí - Rýzmburk,CZ0520028,1656.4243981675065
Nechanice - Lodín,CZ0520030,9730.974121914276
Češovské lesy,CZ0520038,7103.836094928108
Březinka,CZ0520178,2069.349212536481
Veselský háj,CZ0520184,3996.413060167536
Kozínek,CZ0520507,2880.5644714140403
Stárkovské bučiny,CZ0520508,6157.383798148823
Žaltman,CZ0520511,1757.0668478902369
Broumovské stěny,CZ0520518,12583.666675158816
Adršpašsko-teplické skály,CZ0520519,6827.520739793693
Trčkov,CZ0520600,3591.6234544820686
Panský vrch,CZ0520603,1532.1870142997268
Zdobnice - Říčka,CZ0520604,5973.853937371369
Hustířanský les,CZ0522002,220.14653726154157
Vražba,CZ0522127,909.3750691134247
Zadní Machová,CZ0522129,458.9494011460717
Hluboký Kovač,CZ0523002,633.4792808833957
Rybník Strašidlo,CZ0523003,240.20619836593335
Tuří rybník,CZ0523005,1907.8263149061713
Piletický a Librantický potok,CZ0523006,3069.3368111324053
Dědina u Dobrušky,CZ0523007,4871.917830880248
Zámek v Kostelci nad Orlicí,CZ0523009,22.956807696408035
Na Plachtě,CZ0523010,1101.149220235059
Pod Rýzmburkem,CZ0523011,156.7935275451281
Vladivostok,CZ0523014,673.0301844052838
Bystřice,CZ0523264,17589.72013934633
Červená Třemešná - rybník,CZ0523265,447.8485135072407
Slatinná louka u Roudničky,CZ0523266,1093.027592600708
Zaorlicko,CZ0523267,21709.479816358835
Dubno - Česká Skalice,CZ0523268,1257.6439388431193
Javorka a Cidlina - Sběř,CZ0523273,12287.010851711284
Libosad - obora,CZ0523274,2302.677030281867
Kačerov,CZ0523275,238.1122754594676
Kanice - lesní rybník,CZ0523276,104.67562345946692
Labe - Hostinné,CZ0523277,6675.312017631431
Lukavecký potok,CZ0523279,1741.3430383007098
Metuje a Dřevíč,CZ0523280,19412.33645037148
Nadslav,CZ0523282,512.6657003526109
Olešnice,CZ0523283,4391.332840127205
Opočno,CZ0523284,1390.442167896553
Rybník Smrkovák,CZ0523286,555.8477001559598
Rybník Spáleniště,CZ0523287,176.25914436405358
Stará Metuje,CZ0523288,4308.7151847294235
Týnišťské Poorličí,CZ0523290,6197.301516109742
Uhřínov - Benátky,CZ0523291,682.4152825683213
Víno,CZ0523293,1095.7260166492933
Bílá Třemešná,CZ0523669,22.625000544940445
Jičíněves - zámek,CZ0523675,111.35686151999748
Josefov - pevnost,CZ0523676,1048.921734253434
Kost,CZ0523677,142.5577723813702
Pevnost Dobrošov,CZ0523680,810.4229399813923
Staré Hrady - zámek,CZ0523682,147.60105501603505
Štola Portál,CZ0523683,22.62346044735871
Luční potok v Podkrkonoší,CZ0523823,7860.70216606126
Běleč - střelnice,CZ0523824,458.8300899947992
Krkonoše,CZ0524044,41887.32825720617
Zbytka,CZ0524045,1500.8993441489924
Orlické hory - sever,CZ0524046,8574.759401563968
Peklo,CZ0524047,4932.38985488513
Byšičky,CZ0524048,898.1262072299439
Orlice a Labe,CZ0524049,34648.38769611465
Halín,CZ0524050,2718.5361107365443
Bažiny,CZ0525001,430.3291571316333
Řeřišný u Machova,CZ0525002,730.110954251713
Hřebečovský hřbet,CZ0530020,17145.766822026173
Žernov,CZ0530021,2969.1749367731204
Psí kuchyně,CZ0530027,3605.944320417986
Vadětín - Lanšperk,CZ0530028,3162.197444855521
Bohdalov,CZ0530033,5422.6024264264515
Moravská Sázava,CZ0530034,2985.8532886422186
Hemže-Mýtkov,CZ0530037,1560.5351082295451
Mazurovy chalupy,CZ0530064,727.9779068615212
Králický Sněžník,CZ0530146,7735.735619085136
Rychnovský vrch,CZ0530149,3576.237248819505
Lanškrounské rybníky,CZ0530174,2210.3390760900156
Lichnice - Kaňkovy hory,CZ0530500,5906.792119194966
Brandýs,CZ0530501,6027.4649850321575
Semínský přesyp,CZ0530502,214.8278087205961
Litice,CZ0530503,2781.9811780497143
Zubří,CZ0530504,871.455450819812
U Banínského viaduktu,CZ0532131,203.53535236007886
Střemošická stráň,CZ0532132,3247.373746997082
Malá Straka,CZ0533002,348.17246542548884
U Pohránovského rybníka,CZ0533005,1494.9421679961488
Michnovka-Pravy,CZ0533012,312.9798654274654
Běstvina,CZ0533295,1000.2874768997946
Boušovka,CZ0533296,160.1804201077007
Buky u Vysokého Chvojna,CZ0533297,785.8828380172345
Heřmanův Městec,CZ0533300,2148.276239573868
Údolí Chrudimky,CZ0533301,4727.12776591596
Choltická obora,CZ0533302,1157.8932025780703
Chrudimka,CZ0533303,13801.628795609553
Kunětická hora,CZ0533307,864.2131487437302
Bohdanečský rybník,CZ0533308,2262.036566846725
Pardubice - zámek,CZ0533309,390.4000187442796
Hluboký rybník,CZ0533310,616.7104939628216
Rybník Moře,CZ0533312,330.3943231096278
Tichá Orlice,CZ0533314,19605.22084417363
Uhersko,CZ0533316,3337.0472692334856
Slavická obora,CZ0533501,1897.2050007832145
Běstvina - krypta,CZ0533684,30.06503448617479
Borová u Poličky,CZ0533685,29.14889173157074
Bouda u Těchonína,CZ0533686,30.715321044790045
Jeskyně Bětník,CZ0533687,10.257802178739594
Jeskyně u Horního Újezda,CZ0533688,4.324627273793942
Pařížov,CZ0533691,11.880547441718445
Podolská a Páterova jeskyně,CZ0533693,2.173131441280636
Vranová Lhota,CZ0533694,31.242129412538546
Kochánovické rybníky a tůně,CZ0533696,936.1019920428918
Rybník Strach,CZ0533697,313.0181730078228
Kladruby nad Labem,CZ0533698,5401.291796601175
Louky v Jeníkově,CZ0533702,653.1501714690498
Černý Nadýmač,CZ0534050,651.4437649076739
Anenské údolí,CZ0534051,2722.53133582549
Dolní Chrudimka,CZ0534052,6908.69909554434
Krkanka-Strádovské peklo,CZ0534053,5290.794238664805
Hubský-Strádovka,CZ0534054,2693.9871082417567
Ratajské rybníky,CZ0534055,897.3619072192575
Louky u Přelouče,CZ0537011,13374.106322424963
Vysoký kámen u Smrčné,CZ0610003,3176.2651756085593
U Hamrů,CZ0610005,648.973618663477
Havranka,CZ0610022,881.8974327049239
Habrová seč,CZ0610025,2057.675949141933
Horní Mrzatec,CZ0610029,470.9135697568472
Doupský a Bažantka,CZ0610030,708.4841103073169
Švařec,CZ0610056,685.9285477008956
Hroznětínská louka a olšina,CZ0610145,1517.401989038312
Velký Špičák,CZ0610159,2203.460167770979
Zhejral,CZ0610170,2674.3954334818336
Baba a Belfrídský potok,CZ0610175,1513.594441686615
Jedlový les a údolí Rokytné,CZ0610179,4371.978839511013
Žákova hora,CZ0610401,1009.3373620385089
Ransko,CZ0610412,3142.7688743299796
Lužný rybník,CZ0610512,543.4445013794096
Suché kopce,CZ0610513,620.3560168743004
Doubravníček,CZ0610514,414.0324822560154
Kamenný vrch u Heraltic,CZ0610515,285.20463034222524
Hajnice,CZ0610516,1446.2791662635104
Niva Doubravy,CZ0610517,1597.4109214734754
Opatovské zákopy,CZ0610518,1564.087726308116
Ranská jezírka,CZ0610519,786.3014504764891
Dědkovo,CZ0612133,381.34141661007055
Dolní rybník u Újezda,CZ0612134,536.7928637355745
Hodíškovský rybník,CZ0612135,382.23519596273854
Kobylinec,CZ0612136,139.51354531097473
Obecník,CZ0612137,345.8892435254222
Pod Kamenným vrchem,CZ0612139,777.2186524572859
Podvesník,CZ0612140,718.215502942545
Ptáčovský kopeček,CZ0612141,113.59536674814497
Rybník u Zadního Zhořce,CZ0612143,497.6124807724338
Rychtářský rybník,CZ0612145,372.63443253568835
Špilberk,CZ0612147,176.14921564580666
Suché skály,CZ0612149,456.97517523553864
Roštejnská obora,CZ0613002,1253.2965486668497
Maršovec a Čepička,CZ0613003,605.0157965041025
Břevnický potok,CZ0613004,2667.072996519976
Martinický potok,CZ0613005,13951.667795544772
Niva Fryšávky,CZ0613009,1928.1619869193992
Údolí Svratky u Krásného,CZ0613010,4474.432440745907
Na Ostrážné,CZ0613012,187.43417828416094
Šilhánky,CZ0613013,499.70750255285344
Babínský rybník,CZ0613318,1191.2962247859177
Ficků rybník,CZ0613319,146.48020694803202
Jankovský potok,CZ0613321,12106.090466154104
Koupaliště u Bohuslavic,CZ0613322,715.5312737656623
Nová Říše,CZ0613327,1539.4944689315605
Rašelinné jezírko Rosička,CZ0613328,52.26948116155136
Šlapanka a Zlatý potok,CZ0613332,16352.96788543179
Staviště,CZ0613333,4047.5328536544034
Trnava,CZ0613334,15135.76463044641
U Borovné,CZ0613335,796.868073012057
V Kopaninách,CZ0613336,182.75384922074622
Vetelské rybníky,CZ0613338,2023.7895010989562
Biskupice - kostel,CZ0613695,26.567923171499476
Biskupice - škola,CZ0613696,30.786044824011928
Jeřišno-Heřmaň,CZ0613698,32.82170864229435
Náměšť nad Oslavou - zámeček,CZ0613699,63.415331523771826
Žďár nad Sázavou - garáže,CZ0613700,25.447452313312397
Dívka,CZ0613809,1770.5849906275557
Náměšťská obora,CZ0613816,3132.4472625953626
Rybníky u Rudolce,CZ0614052,1269.9320892560322
Dářská rašeliniště,CZ0614053,3805.972543184525
Na Oklice,CZ0614054,1793.515070168968
V Lisovech,CZ0614056,1124.4356433226676
Znětínské rybníky,CZ0614057,1642.172682028613
Rybníky V Pouštích,CZ0614058,1532.8205701365853
Štíří důl - Řeka,CZ0614059,2435.8473651023323
Údolí Oslavy a Chvojnice,CZ0614131,12693.63677700124
Kamenický rybník,CZ0614132,346.2442916195364
Kozének,CZ0614133,916.7813015322215
Údolí Jihlavy,CZ0614134,13008.271472514825
U Miličovska,CZ0614135,332.3500689731802
Chotáry,CZ0614136,423.10802910117695
Maršálka,CZ0614137,440.1694993952233
Zaječí skok,CZ0615001,325.36419826736403
Louky u Černého lesa,CZ0615014,1423.98153656264
Šimanovské rašeliniště,CZ0615018,330.0571539298735
Bezourek,CZ0620001,281.49780996617096
Člupy,CZ0620002,1448.5582034188574
Dyjské svahy,CZ0620003,799.0699728518184
Fládnitzské vřesoviště,CZ0620004,754.4712535870457
Hochberk,CZ0620005,1238.1629222170282
Kameníky,CZ0620006,418.4503590635807
Kamenná hora u Derflic,CZ0620007,855.158097101912
Klínky,CZ0620008,570.671555877914
Lednické rybníky,CZ0620009,9454.60289978891
Modřické rameno,CZ0620010,1812.3006548976023
Nové hory,CZ0620011,913.5251237215675
Pod Šibeničním kopcem,CZ0620013,391.04268363888764
Přední kopaniny,CZ0620014,795.0241592162013
Rašovický zlom - Chobot,CZ0620016,813.7580170880656
Stračí,CZ0620017,363.6619028325
Větrníky,CZ0620018,1429.5523565067308
Mašovická střelnice,CZ0620020,1488.2689429175505
Váté písky,CZ0620024,6173.061192890262
Slanisko Dobré Pole,CZ0620031,340.1214000167926
Sivický les,CZ0620037,2613.8426529783274
Skalky u Sedlece,CZ0620048,2184.139703399919
Paví kopec,CZ0620049,266.9270062327777
Šlapanické slepence,CZ0620051,1383.9528922044944
Vrbický hájek,CZ0620055,1815.9378375029555
Výrovické kopce,CZ0620056,828.8558405397787
Bzenecká střelnice,CZ0620073,1143.395827056335
Zřídla u Nesvačilky,CZ0620076,1369.973055187116
Jezero,CZ0620078,492.40326053196145
Vranovický a Plačkův les,CZ0620084,3995.498026781396
Mikulovický les,CZ0620101,2004.7286057286728
Věteřovská vrchovina,CZ0620103,5315.912928956474
Zlobice,CZ0620120,1203.9659992630288
Údolí Chlébského potoka,CZ0620132,2629.417382366811
Polámanky,CZ0620139,946.5987993493886
Miroslavské kopce,CZ0620147,2119.4764497839233
Načeratický kopec,CZ0620154,1757.9402698820572
Rumunská bažantnice,CZ0620158,1857.2358597287425
Ječmeniště,CZ0620162,2197.928456952751
Ochůzky - Nedánov,CZ0620169,3639.3606522042105
Kapánsko,CZ0620177,5453.44863015361
Valtrovický luh,CZ0620181,2587.801325826919
Slanisko Novosedly,CZ0620187,228.2655114346745
Sokolí skála,CZ0620191,3579.951949938592
Čepičkův vrch a údolí Hodonínky,CZ0620194,2755.710408713412
Lapikus,CZ0620204,2397.5824401360005
Rakovecké údolí,CZ0620245,6190.015620749862
Rozsypaná,CZ0620412,659.1082726715316
Výrovy skály,CZ0620413,981.44603506768
Dobrá studně,CZ0620414,635.2062868747449
Haluzický rybník,CZ0620415,322.568937665079
Jaroslavické komory,CZ0620416,338.65058495940747
Kobylská skála,CZ0620417,571.928490629848
Hluboké louky,CZ0620418,1071.7529901495668
Na Adamcích,CZ0620419,830.8389139682249
Svatá a Prostřední vrch,CZ0620421,3941.137334757189
Horky u Milotic,CZ0622007,1200.1828778337106
Hovoranské louky,CZ0622009,783.0238097053574
Louky pod Kumstátem,CZ0622017,562.9151646466113
Trkmanské louky,CZ0622026,791.8855104756759
Trkmanec - Rybníčky,CZ0622037,1001.0049092315589
Rojetínský hadec,CZ0622142,280.7506772445266
Biskoupský kopec,CZ0622150,677.1121465896056
Ve Žlebě,CZ0622161,622.903200701439
Kopečky u Únanova,CZ0622162,544.4926423214299
Miliovy louky,CZ0622166,410.5366032998671
Žebětín,CZ0622167,167.67331813702287
Mušenice,CZ0622168,1310.8059488700526
Na Kocourkách,CZ0622169,512.7681357473638
Na lesní horce,CZ0622170,198.46555946512183
Nad Vápenkou,CZ0622172,115.0541382919424
Netopýrky,CZ0622173,152.8947838380074
V Jezdinách,CZ0622174,871.1100834531289
Pekárka,CZ0622175,847.4455549910411
Široký,CZ0622179,130.212309280353
Červené stráně,CZ0622181,600.2700582199831
Visengrunty,CZ0622184,598.3524197757779
Stepní stráně u Komořan,CZ0622217,731.7649831091222
Dunajovické kopce,CZ0622218,2927.5379830188244
Zápověď u Karlína,CZ0622219,235.8371753254229
Štěpánovský lom,CZ0622221,174.2458544562054
U kapličky,CZ0622223,538.7715243021071
U Michálka,CZ0622224,238.37910690116558
Velký kopec,CZ0622226,727.1079790106972
Volkramy,CZ0622227,485.19795458449533
Břeclav - kaple u nádraží,CZ0623003,36.256979282325084
Břežanka a Břežanský rybník,CZ0623004,1614.8312634960068
Hevlínské jezero,CZ0623010,486.94026130279224
Tasovický lom,CZ0623011,531.0509837953201
Lednice - zámek,CZ0623016,321.04660871299035
Milotice - letiště,CZ0623018,1147.8483474470504
Oleksovická mokřina,CZ0623019,1536.1618207902625
Písečný rybník,CZ0623021,1031.1405745553602
Pokran,CZ0623022,1362.5604722888434
Slavkovský zámecký park a aleje,CZ0623025,1691.4871952576166
Studánkový vrch,CZ0623026,621.1959012938133
Šumické rybníky,CZ0623027,3230.633841522908
Vrbovecký rybník,CZ0623030,1147.7219527292548
Vypálenky,CZ0623031,1301.942807771671
Židlochovický zámecký park,CZ0623032,737.8236193888633
Znojmo - Kostel Nalezení sv. kříže,CZ0623034,63.350902419649096
Bílý kopec u Čejče,CZ0623035,2646.6439447099274
Hovoranský hájek,CZ0623040,1624.9544015617207
Jevišovka,CZ0623041,24213.176734308025
Rendezvous,CZ0623045,1121.7153522928977
Trávní dvůr,CZ0623046,5650.512869152717
Bobrůvka,CZ0623324,5771.016332661974
Prudká,CZ0623329,92.00978165369114
Podkomorské lesy,CZ0623344,5300.590231961771
Citonice - rybník Skalka,CZ0623345,658.1087216904402
Jankovec,CZ0623348,1950.6555903305946
Velický hliník,CZ0623349,355.3012986579967
Crhov - Rozsíčka,CZ0623354,2123.7276222716528
Lovčický potok a Jordánek,CZ0623355,2316.7005517158973
Mašovický lom,CZ0623357,421.4631084096849
Horní Mouřínovský rybník,CZ0623358,660.891804718765
Čekál,CZ0623359,301.80322393307205
Podmolí - strouha,CZ0623360,528.7126330420098
Rakšické louky,CZ0623365,2794.0302745800236
Střelická bažinka,CZ0623366,309.73197068322617
U Huberta,CZ0623367,455.4309367230963
Kaolinka,CZ0623368,357.72372499275696
Letiště Marchanice,CZ0623370,1054.146540201296
Lom u Žerůtek,CZ0623372,231.13211747866166
Doubravník - kostel,CZ0623697,54.21384312521528
Blansko - kostel,CZ0623701,39.953443922121124
Borotín - zámek,CZ0623702,60.36275134355356
Dědice - kostel,CZ0623703,41.20046797242851
Dlouhá Lhota,CZ0623704,28.15064852210959
Starý zámek Jevišovice,CZ0623707,131.30386189275967
Nový zámek Jevišovice,CZ0623708,121.55576229669491
Křetín - zámek,CZ0623709,43.579131785150544
Křtiny - kostel,CZ0623710,65.54071594859526
Lipov - kostel,CZ0623711,45.87568249725289
Rosice - zámek,CZ0623713,71.00611986806717
Tavíkovice - zámek,CZ0623717,54.39318563982293
Uherčice - zámek,CZ0623718,161.44848805247105
Vranov nad Dyjí - základní škola,CZ0623719,52.120090005237564
Božický mokřad,CZ0623772,610.5285677421357
Bučovice - zámek,CZ0623775,77.99944426295322
Emin zámeček,CZ0623778,67.53555539818498
Klentnice - kostel svatého Jiří,CZ0623781,22.184332086283398
Rybniční zámeček,CZ0623782,20.792745391575924
Popice - fara,CZ0623788,27.85593603094768
Úvalský rybník,CZ0623793,795.7974622316171
Strážnicko,CZ0623797,2513.4025311111054
Božické rybníky,CZ0623798,5005.876440419436
Drnholecký luh,CZ0623799,1740.7847209963024
Knížecí les,CZ0623800,492.8265164101756
Přísnotický les,CZ0623801,507.9448739635383
Bezručova alej,CZ0623803,4769.880838634224
Hobrtenky,CZ0623807,1696.2008774090978
Pisárky,CZ0623808,1309.5210927618214
Řeka Rokytná,CZ0623819,30339.949335134297
Letiště Medlánky,CZ0623820,994.5924691942679
Meandry Dyje,CZ0624001,15320.44214396405
Stránská skála,CZ0624020,681.2038547361944
Stolová hora,CZ0624043,1570.569369684096
Pouzdřanská step - Kolby,CZ0624060,2284.633285655808
Černecký a Milonický hájek,CZ0624062,2723.3591582129848
Krumlovský les,CZ0624064,6663.589254241542
Květnice,CZ0624065,1565.45215439261
Jasenová,CZ0624066,1507.2707490441194
Kamenný vrch,CZ0624067,1133.3886178858768
Strážnická Morava,CZ0624068,7074.896987428643
Strabišov - Oulehla,CZ0624069,4506.750463074138
Hodonínská doubrava,CZ0624070,10292.574355095843
Očov,CZ0624071,4349.065332508555
Čertoryje,CZ0624072,12262.387030135333
Bosonožský hájek,CZ0624094,1062.427211694793
Údolí Dyje,CZ0624095,16129.38651895832
Podyjí,CZ0624096,19061.353590082857
Šévy,CZ0624097,946.8281336880867
Turold,CZ0624098,920.4206776844187
Niva Dyje,CZ0624099,15997.77609335545
Milovický les,CZ0624100,7651.976891956377
Kuntínov,CZ0624101,4450.652389830223
Slanisko u Nesytu,CZ0624102,694.9288052259584
Mušovský luh,CZ0624103,7126.638320940853
Děvín,CZ0624104,3574.637018004524
Tvořihrázský les,CZ0624106,7290.0684374951925
Zimarky,CZ0624108,342.2780929749685
Špice,CZ0624112,378.5948014438408
Přední kout,CZ0624114,5234.284535979958
Kamenný vrch u Kurdějova,CZ0624115,2055.959774364054
Špidláky,CZ0624116,1358.9488135428762
Skalky u Havraníků,CZ0624118,1074.2558877744618
Soutok - Podluží,CZ0624119,27180.952177297822
Krumlovsko-rokytenské slepence,CZ0624128,3709.5277707989158
Luční údolí,CZ0624129,2055.437674101445
Moravský kras,CZ0624130,23001.679117908654
Údolí Svitavy,CZ0624132,9857.10674827602
Svatý kopeček u Mikulova,CZ0624234,1750.6817389480366
Malhostovické kopečky,CZ0624235,385.6534844549787
Jižní svahy Hádů,CZ0624236,1128.5665692555624
Meandry Jihlavy,CZ0624238,8102.074688096724
Trenckova rokle,CZ0625020,848.4492161619356
Pod Trlinou,CZ0710004,1472.7990688220534
Dřevohostický les,CZ0710006,2587.1112127718998
Lesy u Bezuchova,CZ0710007,3975.9979438860805
Lánský luh,CZ0710034,1427.9887535953571
Přestavlcký les,CZ0710148,2615.0713426788097
Království,CZ0710161,3353.0413060452847
Choryňský mokřad,CZ0710182,2968.7123979751786
Rychlebské hory - Račí údolí,CZ0710183,6713.958960297018
Brániska,CZ0710505,397.6820106780573
Hrdibořické rybníky,CZ0712186,906.3864857549079
Chrastický hadec,CZ0712187,234.2520041902013
Pod Rudným vrchem,CZ0712189,1147.5707320921415
Stráň nad Huťským potokem,CZ0712191,106.17364550188987
U Bílých hlín,CZ0712192,134.00146099643496
U Strejčkova lomu,CZ0712193,324.44847572750444
Žďár,CZ0712197,735.7858869246564
Za hrnčířkou,CZ0712225,368.87278594725996
Poláchovy stráně - Výří skály,CZ0712226,1241.5948744559507
Račinka,CZ0713004,5805.293450344216
Deylův ostrůvek,CZ0713008,138.8276989189907
Horní Morava,CZ0713374,4283.601008576077
Hustopeče - Štěrkáč,CZ0713375,3802.0682876547125
Ohrozim - Horka,CZ0713383,51.6503585832003
Písečná - mokřad,CZ0713385,538.9002850273394
Protivanov,CZ0713388,528.1505293574404
Týn nad Bečvou,CZ0713391,408.8287630675666
Dolní a Prostřední Svrčov,CZ0713394,649.672549941727
Vidnava,CZ0713395,1341.902800909223
Zlaté Hory - Černé jezero,CZ0713397,2561.8547218344706
Zlaté Hory - Zlaté jezero,CZ0713398,796.9070554089733
Velká Střelná - štoly,CZ0713526,22.568296766321392
Bílá Lhota,CZ0713720,43.13774288711513
Branná - hrad,CZ0713722,114.64246579445046
Čechy pod Kosířem,CZ0713723,102.42619559470496
Černá Voda - kostel,CZ0713724,31.774576850978907
Černá Voda - kulturní dům,CZ0713725,54.95133596741199
Hanušovice - kostel,CZ0713726,32.97328685821796
Chudobín,CZ0713728,41.60115001843143
Na Špičáku,CZ0713730,510.71253122704184
Libina - U Černušků,CZ0713734,43.72983807912796
Lipová-lázně - mateřská školka,CZ0713735,27.952421743971364
Otaslavice - kostel,CZ0713736,45.565959929885985
Ruda nad Moravou,CZ0713739,75.89985674327525
Sobotín - domov důchodců,CZ0713740,22.23773513197821
Soudkova štola,CZ0713741,242.96284434222832
Štola Marie Pomocná,CZ0713742,349.74312794998553
Štola Mařka,CZ0713743,409.2547644412554
Velké Losiny - lázeňský dům Eliška,CZ0713745,84.62123844804881
Veselíčko,CZ0713746,52.1617174116216
Vlkoš - statek,CZ0713747,38.19149661575506
Stará Červená Voda - lesní komplex,CZ0713827,4632.086181203821
Litovelské Pomoraví,CZ0714073,37040.610466160055
Keprník,CZ0714075,10694.1825840398
Kosíř - Lomy,CZ0714076,2286.163162010198
Praděd,CZ0714077,16911.228654131377
Rabštejn,CZ0714078,5831.264898917698
Špraněk,CZ0714080,2943.0937714708316
Rejvíz,CZ0714081,5339.440083745102
Bečva - Žebračka,CZ0714082,22018.87910839248
Malý Kosíř,CZ0714083,598.0363244133845
Hadce a bučiny u Raškova,CZ0714084,5411.441866234562
Morava - Chropyňský luh,CZ0714085,29373.32351934038
Rychlebské hory - Sokolský hřbet,CZ0714086,18265.798608329493
Libavá,CZ0714133,23990.37927683383
Hůrka u Hranic,CZ0714771,1416.3387026505907
Údolí Bystřice,CZ0714772,8106.610777473161
Šumárník,CZ0715024,153.84708023357115
Údolí Malínského potoka,CZ0715025,1732.1195677421422
Babí hora,CZ0720013,1605.3614624044467
Kovářův žleb - Obora,CZ0720016,3241.114941649562
Semetín,CZ0720033,7820.134698845401
Nad Kašavou,CZ0720058,1245.814674045062
Troják,CZ0720153,3805.3579009356376
Rusava - Hořansko,CZ0720185,2094.100758792869
Ondřejovsko,CZ0720190,3328.07076540436
Velká Vela,CZ0720192,5687.342089807989
Rudický les,CZ0720420,4961.227167271475
Valy-Bučník,CZ0720422,6643.965884153327
Na Koncoch,CZ0720428,8192.149890059754
Podkrálovec,CZ0720435,5369.025647508317
Valentová,CZ0720437,5282.820426368191
Bílé potoky,CZ0720441,2972.3096149134617
Jalovcová,CZ0720454,1379.8398377216165
Hodňovská dolina,CZ0722198,497.1933432424281
Hrušová dolina,CZ0722199,1442.4575630989232
Kobylí hlava,CZ0722201,289.924001769808
Čerťák,CZ0723007,936.2642529793155
Insel,CZ0723012,100.98684091557207
Údolí Okluky,CZ0723020,1417.5007782357245
Rochus,CZ0723024,1547.0825431599296
Březnice u Zlína,CZ0723401,290.4406711837882
Uhliska,CZ0723403,1249.5538849965374
Chvalčov,CZ0723406,150.61028335407175
Kurovice - lom,CZ0723409,750.7937664533578
Mokřad Pumpák,CZ0723410,296.6727662952189
Mokřad u Slováckých strojíren,CZ0723412,699.4838691797864
Ovčírka,CZ0723413,701.9748183049564
Polichno - Pod duby,CZ0723414,1026.2291745026153
Polichno,CZ0723415,1632.9491048909997
Popovické rybníky,CZ0723416,1863.5415264784679
Pozděchov,CZ0723417,89.9223363369436
Remízy u Bánova,CZ0723421,3134.7031684498456
Skalky,CZ0723423,562.5225871575412
Stonáč,CZ0723424,1368.3302061069492
Stráně u Popovic,CZ0723425,2862.0886478566426
Střížovice,CZ0723426,904.9245337402456
Údolí Bánovského potoka,CZ0723430,2079.123798291197
Vlára,CZ0723434,5425.282042194767
Jankovice - kostel,CZ0723750,29.478797744645075
Komňa - kostel,CZ0723751,49.564668934999446
Lidečko - kostel,CZ0723752,32.379166120876484
Luhačovice - zámek,CZ0723753,66.57091310558921
Pozděchov - kostel,CZ0723754,36.29246530663963
Rusava - kostel,CZ0723755,26.35722217752195
Slavičín - kostel,CZ0723756,49.94903786314192
Slavičín - zámek,CZ0723757,51.45113808981798
Slušovice - kostel,CZ0723758,48.639814896439354
Štola Sintrová,CZ0723759,22.636289727251302
Kotrlé,CZ0723813,128.10456980850705
Újezdecký les,CZ0724087,5809.736479168048
Beskydy,CZ0724089,67162.95542664868
Bílé Karpaty,CZ0724090,36005.90466941469
Chřiby,CZ0724091,30639.948806243436
Nedakonický les,CZ0724107,9776.342778392462
Kněžpolský les,CZ0724120,4313.605238046654
Nad Jasenkou,CZ0724121,4781.24225551617
Hostýnské vrchy,CZ0724429,7806.587266263817
Vlárský průsmyk,CZ0724430,11503.235260220232
Červený kámen,CZ0810001,3162.8637274172397
Niva Morávky,CZ0810004,7754.959235755627
Pstruží potok,CZ0810014,1538.6291206179274
Sovinec,CZ0810018,10673.194946882672
Libotín,CZ0810021,2823.0797785782606
Palkovické hůrky,CZ0810031,2128.946729103307
Ptačí hora,CZ0810032,1222.9349562036266
Kojetínské vrchy,CZ0810035,3292.5544513441687
Štramberk,CZ0810036,2290.851958042106
Hněvošický háj,CZ0810423,1340.132633682584
Skučák,CZ0810424,784.9156074883382
Žermanický lom,CZ0810425,189.97013807145126
Cihelna Kunín,CZ0813438,837.448766507794
Děhylovský potok - Štěpán,CZ0813439,2934.596385954881
Dolní Marklovice,CZ0813442,1559.741150815491
Heřmanický rybník,CZ0813444,4068.718642091969
Heřmanovice,CZ0813445,665.2286619908649
Hukvaldy,CZ0813447,2234.577520906445
Jakartovice,CZ0813448,1497.9313935854336
Jilešovice - Děhylov,CZ0813449,1062.8581811477031
Karlova Studánka,CZ0813450,966.96505335287
Karviná - rybníky,CZ0813451,1457.8809636227475
Mokřad u Rondelu,CZ0813455,776.2411292403352
Moravice,CZ0813456,12782.894910564512
Niva Olše - Věřňovice,CZ0813457,8804.535084235113
Osoblažský výběžek,CZ0813460,2730.471723163668
Šilheřovice,CZ0813461,3287.5108058821006
Řeka Ostravice,CZ0813462,23734.959872299944
Paskov,CZ0813463,727.1153391812442
Sokolí potok,CZ0813468,3440.248309801512
Staré hliniště,CZ0813469,302.4593209056552
Suchá Rudná - zlatý lom,CZ0813472,452.73546384398304
Údolí Moravice,CZ0813474,4980.923839558878
Václavovice - pískovna,CZ0813475,439.88908740184013
Olše,CZ0813516,16879.007141852577
Černý důl,CZ0813760,304.19985668030233
Javorový vrch,CZ0813763,1689.1700399245549
Staré Oldřůvky,CZ0813764,22.907793623761556
Štola Franz - Franz,CZ0813765,22.597621408047356
Štola Jakartovice,CZ0813766,21.8797900884724
Zálužná,CZ0813767,300.5513589038269
Čermná - důl Potlachový,CZ0813770,21.937435962148655
Horní Odra,CZ0813810,7160.038944376289
Poodří,CZ0814092,32552.065981611842
Hraniční meandry Odry,CZ0814093,3038.458240235005
Skalské rašeliniště,CZ0815031,1355.1124957631162
